{"d1_men": 213, "d1_women": 350, "completed_confs": {"d1_women": ["ASUN", "America East", "American Athletic", "Atlantic 10", "Atlantic Coast", "Big 12", "Big East", "Big Sky", "Big South", "Big Ten", "Big West", "Coastal Athletic Association", "Conference USA", "Horizon League", "Independent", "Ivy League", "Metro Atlantic Athletic Conference", "Mid-American", "Missouri Valley", "Mountain West", "Northeast", "Ohio Valley", "Patriot League", "SEC", "Southern", "Southland", "Southwestern Athletic", "Summit League", "Sun Belt", "West Coast", "Western Athletic"], "d1_men": ["ASUN", "America East", "American Athletic", "Atlantic 10", "Atlantic Coast", "Big East", "Big South", "Big Ten", "Big West", "Coastal Athletic Association", "Horizon League", "Independent", "Ivy League", "Metro Atlantic Athletic Conference", "Missouri Valley", "Northeast", "Ohio Valley", "Patriot League", "Southern", "Summit League", "Sun Belt", "West Coast", "Western Athletic"], "d2_men": [], "d2_women": [], "d3_men": [], "d3_women": [], "naia_men": [], "naia_women": []}, "write_timestamps": [1768496899.568922, 1768496899.7931142, 1768496899.946503, 1768496901.103269, 1768496901.2588742, 1768496901.415227, 1768496902.570216, 1768496902.741876, 1768496902.900087, 1768496904.1170108, 1768496904.2690282, 1768496904.422703, 1768496905.5826519, 1768496905.736723, 1768496905.89225, 1768496907.072684, 1768496907.238295, 1768496907.4061801, 1768496908.569451, 1768496908.7457569, 1768496908.895823, 1768496910.064346, 1768496910.215379, 1768496910.373754, 1768496911.5394628, 1768496911.700159, 1768496911.854123, 1768496913.011033, 1768496913.165555, 1768496913.316739, 1768496914.476033, 1768496914.6309109, 1768496914.8333728, 1768496915.989109, 1768496916.1508439, 1768496916.305096], "pending_writes": [], "completed_conferences": ["Michigan Intercollegiate", "Allegheny Mountain", "Great Northeast Athletic", "Empire 8", "Middle Atlantic Conference"]}