{"d1_men": 213, "d1_women": 350, "completed_confs": {"d1_women": ["ASUN", "America East", "American Athletic", "Atlantic 10", "Atlantic Coast", "Big 12", "Big East", "Big Sky", "Big South", "Big Ten", "Big West", "Coastal Athletic Association", "Conference USA", "Horizon League", "Independent", "Ivy League", "Metro Atlantic Athletic Conference", "Mid-American", "Missouri Valley", "Mountain West", "Northeast", "Ohio Valley", "Patriot League", "SEC", "Southern", "Southland", "Southwestern Athletic", "Summit League", "Sun Belt", "West Coast", "Western Athletic"], "d1_men": ["ASUN", "America East", "American Athletic", "Atlantic 10", "Atlantic Coast", "Big East", "Big South", "Big Ten", "Big West", "Coastal Athletic Association", "Horizon League", "Independent", "Ivy League", "Metro Atlantic Athletic Conference", "Missouri Valley", "Northeast", "Ohio Valley", "Patriot League", "Southern", "Summit League", "Sun Belt", "West Coast", "Western Athletic"], "d2_men": [], "d2_women": [], "d3_men": [], "d3_women": [], "naia_men": [], "naia_women": []}, "write_timestamps": [1768518764.9567392, 1768518765.292348, 1768518765.480908, 1768518766.810803, 1768518766.9991329, 1768518767.189452, 1768518768.395052, 1768518768.582979, 1768518768.75731, 1768518769.9515572, 1768518770.205229, 1768518770.389875, 1768518771.617573, 1768518771.793306, 1768518771.9657059, 1768518773.1721432, 1768518773.345522, 1768518773.5256882, 1768518774.6986082, 1768518774.894261, 1768518775.082773, 1768518776.257022, 1768518776.454293, 1768518776.633707, 1768518777.816694, 1768518778.007317, 1768518779.014482, 1768518780.195924, 1768518780.375076, 1768518780.557197, 1768518781.7491782, 1768518781.92381, 1768518782.096919, 1768518783.270934, 1768518783.444837, 1768518783.6195798], "pending_writes": [], "completed_conferences": ["Great Plains", "Heart of America Athletic", "Red River", "Great Southwest", "Southern States Athletic", "Mid-South Conf", "River States", "Appalachian Athletic", "California Pacific", "Crossroads League", "Continental Athletic", "Sooner Athletic", "The Sun Conference", "Wolverine-Hoosier Athletic", "American Midwest", "Kansas Collegiate Athletic", "Chicagoland Collegiate", "Cascade Collegiate"]}